{"cameraMode":{"drawMode":0,"name":"Shaded","section":"Shading Mode"},"sceneLighting":false,"audioPlay":false,"sceneViewState":{"m_AlwaysRefresh":false,"showFog":true,"showSkybox":false,"showFlares":true,"showImageEffects":true,"showParticleSystems":true,"showVisualEffectGraphs":true,"m_FxEnabled":true},"in2DMode":false,"pivot":{"x":0.24731793999671937,"y":0.3781740665435791,"z":-0.5481714606285095},"rotation":{"x":0.05626349151134491,"y":-0.4110843539237976,"z":0.025489820167422296,"w":0.909508466720581},"size":0.8660253882408142,"orthographic":false}